Park,22-Jan,22-Feb,22-Mar,22-Apr,22-May,22-Jun,22-Jul,22-Aug,22-Sep,22-Oct,22-Nov,22-Dec,Unnamed: 2,Unnamed: 3,Unnamed: 4,Unnamed: 5,Unnamed: 6,Unnamed: 7,Unnamed: 8,Unnamed: 9,Unnamed: 10,Unnamed: 11,Unnamed: 12,Unnamed: 13,Unnamed: 14,Unnamed: 15,Unnamed: 16,Unnamed: 17,Unnamed: 18,Unnamed: 19,Unnamed: 20
Abraham Lincoln Birthplace NHP,"5,833","10,174","16,447","25,848","30,360","36,056","36,369","32,346","31,130","21,857","12,503","6,784",,,,,,,,,,,,,,,,,,,
Acadia NP,"10,411","13,045","22,476","105,126","327,466","603,023","791,358","785,236","697,292","521,646","70,675","22,506",,,,,,,,,,,,,,,,,,,
Adams NHP,84,125,204,262,"1,343","2,109","2,041","1,876","1,811","2,207",425,361,,,,,,,,,,,,,,,,,,,
African Burial Ground NM,458,"1,163","1,667","2,625","2,213","3,253","3,073","2,530","3,134","3,173","3,871","2,583",,,,,,,,,,,,,,,,,,,
Agate Fossil Beds NM,113,117,400,764,"2,123","3,332","3,236","2,320","2,501","1,172",224,55,,,,,,,,,,,,,,,,,,,
Alibates Flint Quarries NM,407,388,996,595,958,770,545,420,624,"1,099",550,168,,,,,,,,,,,,,,,,,,,
Allegheny Portage Railroad NHS,"6,748","7,877","9,484","15,586","15,378","17,915","22,663","20,946","19,622","19,989","13,627","6,309",,,,,,,,,,,,,,,,,,,
Amistad NRA,"50,108","55,144","115,510","104,386","72,091","98,182","55,101","83,644","88,560","81,787","61,800","45,970",,,,,,,,,,,,,,,,,,,
Andersonville NHS,"2,528","3,450","11,014","6,164","6,956","4,765","4,798","2,856","3,106","4,833","5,316","4,323",,,,,,,,,,,,,,,,,,,
Andrew Johnson NHS,"3,252","3,767","3,354","3,270","6,572","5,429","4,933","4,369","4,943","5,123","3,811","4,050",,,,,,,,,,,,,,,,,,,
Antietam NB,"1,435","2,771","6,523","11,837","13,972","13,411","13,952","11,854","13,945","15,181","7,181","3,557",,,,,,,,,,,,,,,,,,,
Apostle Islands NL,"3,943","4,933","3,956","4,456","14,980","36,570","64,711","61,946","34,720","19,142","3,128","2,467",,,,,,,,,,,,,,,,,,,
Appomattox Court House NHP,915,"2,351","5,027","12,360","9,888","11,437","10,852","7,764","8,454","8,029","4,045","2,361",,,,,,,,,,,,,,,,,,,
Arches NP,"40,621","51,568","141,866","148,996","172,114","171,859","158,925","142,790","158,728","146,986","83,239","42,960",,,,,,,,,,,,,,,,,,,
Arkansas Post NMEM,"1,231","1,243","2,165","2,258","3,032","3,418","1,718","2,468","1,403","1,665","1,081","1,109",,,,,,,,,,,,,,,,,,,
Arlington House The R.E. Lee MEM,794,"3,864","26,514","41,264","41,217","51,784","36,444","26,578","21,456","29,085","16,738","10,948",,,,,,,,,,,,,,,,,,,
Assateague Island NS,"42,200","62,687","84,553","166,058","199,396","329,823","476,388","429,913","260,634","144,353","93,368","50,896",,,,,,,,,,,,,,,,,,,
Aztec Ruins NM,"1,976","2,215","3,738","5,447","6,897","7,138","5,945","3,576","4,259","4,326","2,230","2,649",,,,,,,,,,,,,,,,,,,
Badlands NP,"12,671","12,866","25,276","34,943","98,542","204,969","224,054","184,816","121,571","61,115","19,720","6,266",,,,,,,,,,,,,,,,,,,
Bandelier NM,"7,059","8,822","29,101","30,063","6,678","16,832","24,394","17,597","20,363","23,178","14,290","12,564",,,,,,,,,,,,,,,,,,,
Bent's Old Fort NHS,315,411,"1,281","2,000","4,223","3,571","4,336","2,639","3,475","1,659","1,406",741,,,,,,,,,,,,,,,,,,,
Bering Land Bridge NPRES,260,127,292,216,172,148,438,156,61,422,182,168,,,,,,,,,,,,,,,,,,,
Big Bend NP,"46,768","47,229","85,414","59,337","40,722","22,385","19,117","14,915","23,710","45,546","57,158","51,806",,,,,,,,,,,,,,,,,,,
Big Cypress NPRES,"357,457","366,346","374,656","271,226","204,206","193,026","185,896","173,367","147,270","153,852","202,975","272,882",,,,,,,,,,,,,,,,,,,
Big Hole NB,591,735,799,"1,061","4,508","10,787","11,388","8,847","7,719","7,914",280,152,,,,,,,,,,,,,,,,,,,
Big South Fork NRRA,"29,466","42,167","63,779","80,793","76,874","94,857","70,634","66,839","76,449","91,465","53,721","50,682",,,,,,,,,,,,,,,,,,,
Big Thicket NPRES,"17,583","18,418","25,045","21,932","26,854","23,059","23,590","24,353","24,009","23,641","23,078","25,226",,,,,,,,,,,,,,,,,,,
Bighorn Canyon NRA,"6,330","5,187","6,877","15,105","20,578","29,504","53,259","40,689","23,369","8,300","4,877","3,585",,,,,,,,,,,,,,,,,,,
Biscayne NP,"55,096","62,829","64,243","63,574","70,048","54,233","68,066","52,652","45,857","44,757","54,538","65,130",,,,,,,,,,,,,,,,,,,
Black Canyon of the Gunnison NP,"7,260","6,088","9,127","13,755","30,145","31,658","50,608","50,031","42,758","23,413","17,257","15,157",,,,,,,,,,,,,,,,,,,
Blue Ridge PKWY,"261,756","525,156","782,472","1,114,958","1,453,953","1,798,134","1,852,622","1,817,216","1,939,023","2,179,741","1,226,511","759,462",,,,,,,,,,,,,,,,,,,
Booker T. Washington NM,829,761,"1,313","2,069","2,285","2,340","2,519","2,454","1,222","2,245","1,287","1,072",,,,,,,,,,,,,,,,,,,
Boston African American NHS,787,"1,158","4,098","6,120","38,032","100,146","92,841","84,277","34,623","15,881","7,317","5,485",,,,,,,,,,,,,,,,,,,
Boston NHP,"24,889","38,737","82,891","154,278","167,603","266,262","350,959","276,301","253,262","285,501","129,846","92,717",,,,,,,,,,,,,,,,,,,
Brown v. Board of Education NHP,264,613,"1,308","1,390","1,524","2,617","2,285","1,324","1,069","1,327","1,101",742,,,,,,,,,,,,,,,,,,,
Bryce Canyon NP,"30,960","35,611","101,308","236,812","299,919","330,108","318,861","308,545","336,588","233,647","75,378","46,923",,,,,,,,,,,,,,,,,,,
Buck Island Reef NM,"3,792","4,031","5,730","4,896","4,042","5,022","3,885","3,432","1,737","2,457","2,816","3,525",,,,,,,,,,,,,,,,,,,
Buffalo NR,"33,465","29,398","88,549","93,086","165,318","247,639","220,598","134,430","94,025","108,175","61,959","30,290",,,,,,,,,,,,,,,,,,,
Cabrillo NM,"68,589","63,019","67,546","63,833","61,847","65,354","80,622","63,474","52,568","52,312","56,916","71,996",,,,,,,,,,,,,,,,,,,
Camp Nelson NM,252,454,630,"1,533","1,941","2,676","2,088","1,686","1,611","1,704",866,776,,,,,,,,,,,,,,,,,,,
Canaveral NS,"151,584","187,363","242,357","203,907","223,204","204,447","233,352","190,068","159,502","169,750","91,349","65,192",,,,,,,,,,,,,,,,,,,
Cane River Creole NHP,778,887,"1,771","1,879","1,413","1,258","1,253",751,"1,044","1,399","1,160","1,218",,,,,,,,,,,,,,,,,,,
Canyon de Chelly NM,"14,409","18,347","33,602","33,408","37,711","40,685","29,905","41,807","30,291","35,924","18,562","20,321",,,,,,,,,,,,,,,,,,,
Canyonlands NP,"15,184","19,077","77,834","99,206","114,926","87,086","67,640","63,092","86,326","91,788","40,745","16,243",,,,,,,,,,,,,,,,,,,
Cape Cod NS,"114,232","157,612","192,170","256,095","305,843","446,334","643,809","665,588","470,998","366,049","189,436","160,506",,,,,,,,,,,,,,,,,,,
Cape Hatteras NS,"65,346","69,534","147,652","211,064","269,958","424,206","443,905","412,239","358,962","230,135","146,133","83,710",,,,,,,,,,,,,,,,,,,
Cape Krusenstern NM,"1,098",835,689,780,924,"1,551","1,889","1,940","1,550","1,748","2,595","1,804",,,,,,,,,,,,,,,,,,,
Cape Lookout NS,"17,645","12,296","24,968","48,607","49,231","76,779","70,956","74,686","63,551","43,607","28,828","30,379",,,,,,,,,,,,,,,,,,,
Capitol Reef NP,"20,089","25,859","90,092","128,061","221,889","165,870","107,562","118,927","130,243","140,119","57,972","20,925",,,,,,,,,,,,,,,,,,,
Capulin Volcano NM,"2,271","2,029","6,503","4,452","8,185","14,153","19,866","9,363","7,798","6,175","3,439","4,307",,,,,,,,,,,,,,,,,,,
Carl Sandburg Home NHS,"2,148","5,261","13,521","9,955","8,308","9,566","7,842","5,969","4,337","5,048","3,584","3,584",,,,,,,,,,,,,,,,,,,
Carlsbad Caverns NP,"20,549","21,887","48,021","37,869","34,898","45,193","51,525","24,177","23,494","32,267","23,257","27,795",,,,,,,,,,,,,,,,,,,
Casa Grande Ruins NM,"6,511","8,502","10,823","5,934","4,851","4,211","4,423","3,609","5,022","6,699","8,724","9,248",,,,,,,,,,,,,,,,,,,
Castillo de San Marcos NM,"45,244","42,814","63,932","57,107","48,872","58,754","68,857","44,802","36,393","43,844","45,890","68,332",,,,,,,,,,,,,,,,,,,
Castle Clinton NM,"101,419","117,759","210,492","312,360","366,200","366,200","459,099","417,645","288,319","319,653","236,759","275,756",,,,,,,,,,,,,,,,,,,
Catoctin Mountain Park,"29,554","45,077","24,803","47,357","38,775","51,177","24,455","55,845","28,715","52,403","32,268","19,893",,,,,,,,,,,,,,,,,,,
Cedar Breaks NM,"18,001","14,001","14,589","22,290","62,564","98,883","135,477","92,674","101,428","87,041","22,903","18,793",,,,,,,,,,,,,,,,,,,
Cesar E. Chavez NM,611,925,"1,325","1,242","1,320","1,091","1,209",778,855,935,608,686,,,,,,,,,,,,,,,,,,,
Chaco Culture NHP,982,"1,347","4,697","5,782","5,805","3,985","2,899","2,081","4,951","5,301","2,370","1,394",,,,,,,,,,,,,,,,,,,
Chamizal NMEM,0,934,762,"1,772",738,638,278,"3,520","2,644","4,135","1,760",492,,,,,,,,,,,,,,,,,,,
Channel Islands NP,"16,968","21,175","25,048","30,769","23,636","30,138","37,853","33,844","31,120","27,647","27,468","17,579",,,,,,,,,,,,,,,,,,,
Charles Pinckney NHS,591,977,"1,120","1,228","1,131","1,134",667,788,"1,787",834,694,"1,634",,,,,,,,,,,,,,,,,,,
Charles Young Buffalo Soldiers NM,175,240,268,291,262,327,438,431,401,241,311,133,,,,,,,,,,,,,,,,,,,
Chattahoochee River NRA,"227,042","233,931","282,208","311,301","359,759","377,837","342,567","347,967","312,764","279,372","273,395","189,705",,,,,,,,,,,,,,,,,,,
Chesapeake & Ohio Canal NHP,"209,068","237,858","387,464","444,134","428,772","417,863","405,490","382,061","407,940","368,091","327,376","270,068",,,,,,,,,,,,,,,,,,,
Chickamauga & Chattanooga NMP,"59,671","65,185","89,852","92,225","91,215","92,660","85,989","75,825","82,873","83,866","76,196","68,715",,,,,,,,,,,,,,,,,,,
Chickasaw NRA,"45,093","57,099","80,214","75,040","167,500","237,873","268,256","227,070","152,244","62,564","43,985","38,592",,,,,,,,,,,,,,,,,,,
Chiricahua NM,"4,894","6,130","10,526","8,157","5,430","2,765","2,631","2,308","3,190","5,484","4,973","4,889",,,,,,,,,,,,,,,,,,,
Christiansted NHS,"8,143","8,145","8,225","8,134","8,152","7,751","7,724","7,520","7,635","7,863","7,968","9,327",,,,,,,,,,,,,,,,,,,
City of Rocks NRES,"1,285","1,327","2,722","5,914","12,152","10,891","11,221","9,883","12,016","11,871","3,034","1,680",,,,,,,,,,,,,,,,,,,
Colonial NHP,"132,518","108,854","273,880","286,326","295,075","265,837","278,243","264,914","250,170","246,443","186,900","173,113",,,,,,,,,,,,,,,,,,,
Colorado NM,"26,657","26,984","39,487","45,111","50,354","50,020","46,565","46,710","48,970","43,808","31,872","23,904",,,,,,,,,,,,,,,,,,,
Congaree NP,"11,149","16,124","24,310","25,618","24,164","18,903","12,054","11,645","14,119","16,994","15,765","13,677",,,,,,,,,,,,,,,,,,,
Coronado NMEM,"10,418","11,168","13,255","11,774","9,818","10,061","9,473","10,711","10,944","9,905","10,835","12,997",,,,,,,,,,,,,,,,,,,
Cowpens NB,"15,779","17,579","18,134","23,293","19,959","16,897","19,232","18,774","17,174","18,570","14,374","12,769",,,,,,,,,,,,,,,,,,,
Crater Lake NP,"6,752","9,213","11,933","14,779","31,822","70,975","139,513","107,351","78,967","39,989","10,481","5,484",,,,,,,,,,,,,,,,,,,
Craters of the Moon NM & PRES,"2,387","4,507","6,541","12,319","24,415","47,343","46,357","31,663","35,110","19,536","5,782","1,814",,,,,,,,,,,,,,,,,,,
Cumberland Gap NHP,"31,769","38,153","63,456","56,085","73,585","71,365","74,654","77,800","69,709","83,354","56,529","36,457",,,,,,,,,,,,,,,,,,,
Cumberland Island NS,"3,510","6,395","7,568","8,158","6,137","6,392","5,520","2,980","3,278","5,442","4,833","4,174",,,,,,,,,,,,,,,,,,,
Curecanti NRA,"14,450","25,714","25,226","32,113","126,716","188,701","247,012","110,968","98,270","72,474","35,663","15,442",,,,,,,,,,,,,,,,,,,
Cuyahoga Valley NP,"98,868","110,513","174,226","233,050","325,101","336,744","375,656","341,220","327,857","318,589","161,940","109,548",,,,,,,,,,,,,,,,,,,
Dayton Aviation Heritage NHP,"1,038","1,420","3,850","6,689","11,940","8,676","9,036","6,807","6,422","6,435","6,764","12,226",,,,,,,,,,,,,,,,,,,
De Soto NMEM,"9,170","14,479","17,803","18,237","17,086","17,738","10,311","12,841","11,538","14,131","16,795","13,021",,,,,,,,,,,,,,,,,,,
Death Valley NP,"92,212","124,091","182,052","108,984","92,601","84,768","84,575","48,242","54,672","53,764","93,445","109,456",,,,,,,,,,,,,,,,,,,
Delaware Water Gap NRA,"202,308","224,352","221,375","312,188","416,042","443,974","640,793","579,731","518,829","361,253","280,369","179,011",,,,,,,,,,,,,,,,,,,
Denali NP & PRES,403,952,"2,073","4,237","37,305","104,177","115,369","112,709","43,372","3,191","1,978","1,796",,,,,,,,,,,,,,,,,,,
Devils Tower NM,"3,058","4,452","8,711","10,530","41,593","100,519","108,965","102,326","62,916","28,766","6,302","2,575",,,,,,,,,,,,,,,,,,,
Dinosaur NM,"6,132","4,954","9,953","19,320","42,012","69,510","64,074","56,210","39,688","21,332","10,397","7,437",,,,,,,,,,,,,,,,,,,
Dry Tortugas NP,"6,633","6,220","7,528","7,562","7,951","7,460","6,849","6,725","5,357","3,603","5,630","6,970",,,,,,,,,,,,,,,,,,,
Dwight D. Eisenhower MEM,"31,381","42,219","130,336","102,933","110,138","117,848","37,711","39,974","36,776","38,247","43,219","29,821",,,,,,,,,,,,,,,,,,,
Effigy Mounds NM,"1,854","2,561","2,816","2,339","5,544","7,292","9,914","7,113","4,874","9,058","1,444","1,613",,,,,,,,,,,,,,,,,,,
Eisenhower NHS,36,29,291,"1,509","1,892","4,469","3,405","3,796","4,609",938,176,"1,100",,,,,,,,,,,,,,,,,,,
El Malpais NM,"8,349","8,951","14,763","17,186","20,082","15,501","15,331","12,758","15,360","15,212","10,792","8,470",,,,,,,,,,,,,,,,,,,
El Morro NM,"2,663","2,182","4,506","6,369","7,539","5,587","7,392","5,748","6,873","5,320","3,528","2,794",,,,,,,,,,,,,,,,,,,
Eleanor Roosevelt NHS,478,603,484,"1,464","1,458","2,036","2,683","2,449","1,566","3,857","1,210",788,,,,,,,,,,,,,,,,,,,
Eugene O'Neill NHS,"1,522","2,199","1,566","1,632","1,838","1,563","1,652","1,347","1,864","1,570","1,459",542,,,,,,,,,,,,,,,,,,,
Everglades NP,"139,538","156,859","136,512","132,171","91,086","85,214","80,773","86,642","61,057","44,197","64,825","76,319",,,,,,,,,,,,,,,,,,,
Federal Hall NMEM,0,0,0,0,"1,679","4,536","4,917","9,503","4,318","5,863","4,377","5,036",,,,,,,,,,,,,,,,,,,
Fire Island NS,"3,526","9,205","8,290","14,911","29,357","61,304","98,336","70,523","46,556","29,347","15,689","6,705",,,,,,,,,,,,,,,,,,,
First Ladies NHS,134,110,262,524,682,850,"1,191",891,618,616,232,"1,036",,,,,,,,,,,,,,,,,,,
Flight 93 NMEM,"5,388","7,449","15,762","27,915","39,335","41,475","45,185","41,150","46,662","50,938","19,058","6,242",,,,,,,,,,,,,,,,,,,
Florissant Fossil Beds NM,"1,920","1,875","2,868","4,355","5,992","9,720","12,418","8,732","9,650","5,642","2,190","1,812",,,,,,,,,,,,,,,,,,,
Ford's Theatre NHS,"5,868","10,840","29,648","43,245","37,505","35,592","38,844","20,566","10,657","28,788","25,191","32,852",,,,,,,,,,,,,,,,,,,
Fort Bowie NHS,"1,005","1,149","1,480",925,471,284,258,126,391,459,647,718,,,,,,,,,,,,,,,,,,,
Fort Caroline NMEM,"38,482","32,351","32,668","32,712","31,090","21,553","11,839","20,788","24,773","29,445","26,809","26,853",,,,,,,,,,,,,,,,,,,
Fort Davis NHS,"2,434","3,119","8,562","5,081","3,506","3,340","3,373","2,238","2,829","3,804","3,700","3,415",,,,,,,,,,,,,,,,,,,
Fort Donelson NB,"10,340","11,912","15,707","16,772","20,468","17,356","18,064","18,410","15,999","16,268","12,609","9,733",,,,,,,,,,,,,,,,,,,
Fort Frederica NM,"12,839","24,049","28,284","24,279","26,764","23,139","23,452","13,996","16,458","17,612","16,649","17,693",,,,,,,,,,,,,,,,,,,
Fort Laramie NHS,784,782,"1,589","2,002","6,768","5,944","6,810","4,752","5,260","3,362",879,725,,,,,,,,,,,,,,,,,,,
Fort Larned NHS,972,980,"1,488","2,998","3,427","3,417","3,375","2,646","2,378","2,200","1,186","1,152",,,,,,,,,,,,,,,,,,,
Fort Matanzas NM,"39,819","49,046","57,052","63,529","71,785","77,684","78,360","71,003","56,559","50,290","39,888","43,880",,,,,,,,,,,,,,,,,,,
Fort McHenry NM & HS,"6,056","4,754","9,792","11,524","19,800","10,497","41,369","46,782","23,000","28,408","14,877","7,098",,,,,,,,,,,,,,,,,,,
Fort Necessity NB,"3,421","2,831","8,402","10,124","14,023","34,621","42,196","35,314","30,889","45,054","26,377","5,041",,,,,,,,,,,,,,,,,,,
Fort Point NHS,"55,040","67,846","74,447","77,969","84,595","84,539","105,457","92,176","83,288","85,628","74,103","70,366",,,,,,,,,,,,,,,,,,,
Fort Pulaski NM,"35,960","38,244","47,820","42,930","46,018","43,948","42,310","36,636","32,786","39,269","32,890","32,266",,,,,,,,,,,,,,,,,,,
Fort Raleigh NHS,"5,111","7,838","13,394","24,040","33,801","54,260","47,974","39,328","22,629","16,206","13,732","9,337",,,,,,,,,,,,,,,,,,,
Fort Scott NHS,439,586,"1,258","1,763","4,109","4,607","2,659","1,961","3,583","3,641","1,150","1,098",,,,,,,,,,,,,,,,,,,
Fort Smith NHS,"4,699","4,176","6,967","8,535","11,510","11,548","18,120","13,227","15,501","13,883","8,585","6,478",,,,,,,,,,,,,,,,,,,
Fort Stanwix NM,887,"1,368","2,737","3,481","5,877","8,106","21,191","9,989","7,087","6,982","2,218","1,793",,,,,,,,,,,,,,,,,,,
Fort Sumter and Fort Moultrie NHP,"9,231","19,136","42,461","50,721","38,860","44,394","44,930","30,124","26,937","33,688","23,544","21,446",,,,,,,,,,,,,,,,,,,
Fort Union NM,430,419,914,522,169,850,924,674,782,903,538,432,,,,,,,,,,,,,,,,,,,
Fort Union Trading Post NHS,22,26,100,187,"1,350","3,861","2,416","2,403","1,751",596,79,31,,,,,,,,,,,,,,,,,,,
Fort Vancouver NHS,"50,218","67,568","100,274","81,758","109,766","85,312","128,087","116,801","74,660","58,835","41,630","49,409",,,,,,,,,,,,,,,,,,,
Fort Washington Park,"12,140","17,928","35,753","41,443","34,039","35,602","52,546","56,183","40,095","35,166","23,168","22,854",,,,,,,,,,,,,,,,,,,
Fossil Butte NM,80,143,362,625,"2,134","3,691","3,768","2,705","2,601","1,505",175,90,,,,,,,,,,,,,,,,,,,
Franklin Delano Roosevelt MEM,"60,104","119,419","615,826","432,373","346,854","339,107","310,988","240,173","235,617","273,173","209,806","107,873",,,,,,,,,,,,,,,,,,,
Frederick Douglass NHS,51,160,0,0,0,0,0,0,0,0,0,0,,,,,,,,,,,,,,,,,,,
Frederick Law Olmsted NHS,42,40,618,"1,386","1,090","1,100","2,347","1,956","2,317","1,297","1,508",447,,,,,,,,,,,,,,,,,,,
Fredericksburg & Spotsylvania NMP,"56,470","48,521","66,770","61,650","55,115","68,261","74,875","64,709","62,085","80,550","69,806","47,484",,,,,,,,,,,,,,,,,,,
Friendship Hill NHS,544,679,744,"1,602","1,839","1,773","1,735","1,660","2,023","1,788","1,190",818,,,,,,,,,,,,,,,,,,,
Gateway Arch NP,"37,942","38,975","107,142","102,741","111,872","162,685","543,140","153,348","108,741","111,471","80,576","60,141",,,,,,,,,,,,,,,,,,,
Gateway NRA,"414,667","463,345","515,371","517,465","710,872","1,003,597","1,195,894","1,120,270","929,607","726,679","629,291","501,233",,,,,,,,,,,,,,,,,,,
Gauley River NRA,"3,645","5,248","7,958","10,715","13,662","12,850","18,276","11,586","50,789","22,048","3,963","2,770",,,,,,,,,,,,,,,,,,,
General Grant NMEM,"5,430","1,981","6,432","8,934","7,719","9,556","10,674","26,942","36,416","7,119","4,549","6,790",,,,,,,,,,,,,,,,,,,
George Rogers Clark NHP,"2,101","2,439","5,189","8,533","29,727","10,862","25,280","12,347","7,360","11,846","4,078","3,467",,,,,,,,,,,,,,,,,,,
George Washington Birthplace NM,"1,142",928,"6,496","10,392","6,636","11,728","18,389","13,132","5,120","10,367","10,454","1,450",,,,,,,,,,,,,,,,,,,
George Washington Carver NM,722,767,"2,714","4,029","3,275","2,935","3,334","2,303","3,344","3,500","1,807",995,,,,,,,,,,,,,,,,,,,
George Washington MEM PKWY,"180,654","297,723","522,693","736,544","769,505","759,290","854,467","904,033","675,123","694,550","597,400","405,138",,,,,,,,,,,,,,,,,,,
Gettysburg NMP,"13,010","22,692","47,918","85,755","103,064","105,721","99,462","68,686","63,298","88,445","47,370","19,155",,,,,,,,,,,,,,,,,,,
Gila Cliff Dwellings NM,"1,494","2,036","5,124","4,451","5,336","3,472","4,386","2,561","4,318","4,995","3,229","2,206",,,,,,,,,,,,,,,,,,,
Glacier Bay NP & PRES,172,22,272,"3,813","64,956","90,985","98,596","103,196","80,309","102,993",222,222,,,,,,,,,,,,,,,,,,,
Glacier NP,"17,539","18,461","24,030","36,518","181,387","529,098","730,549","675,335","544,575","115,740","20,914","14,312",,,,,,,,,,,,,,,,,,,
Glen Canyon NRA,"52,037","64,302","144,474","220,431","232,205","369,862","424,553","403,688","284,793","293,541","238,331","114,559",,,,,,,,,,,,,,,,,,,
Golden Gate NRA,"1,012,454","1,020,494","1,221,045","1,284,656","1,304,695","1,487,409","1,634,356","1,645,914","1,311,460","1,281,009","1,223,099","1,212,320",,,,,,,,,,,,,,,,,,,
Golden Spike NHP,"1,352","1,576","2,422","3,735","7,970","7,404","7,672","5,478","5,175","3,448","1,138","1,672",,,,,,,,,,,,,,,,,,,
Grand Canyon NP,"180,094","191,984","392,273","438,576","496,238","510,239","543,760","500,265","439,611","442,697","323,112","273,252",,,,,,,,,,,,,,,,,,,
Grand Portage NM,966,"1,359","2,395","2,447","5,266","13,644","20,230","23,057","13,007","7,620","1,490","1,627",,,,,,,,,,,,,,,,,,,
Grand Teton NP,"59,920","62,198","66,862","67,541","235,020","497,531","558,710","539,171","441,995","196,727","33,348","47,200",,,,,,,,,,,,,,,,,,,
Grant-Kohrs Ranch NHS,580,506,860,987,"2,152","3,457","4,181","3,414","2,201","5,009",493,511,,,,,,,,,,,,,,,,,,,
Great Basin NP,"2,673","3,061","4,114","9,416","15,517","24,829","18,648","19,705","25,092","15,358","2,521","1,181",,,,,,,,,,,,,,,,,,,
Great Sand Dunes NP & PRES,"6,013","8,459","27,374","30,117","70,542","87,842","85,479","64,944","51,502","40,677","13,024","7,455",,,,,,,,,,,,,,,,,,,
Great Smoky Mountains NP,"409,267","536,592","878,917","1,014,878","1,227,558","1,486,757","1,560,696","1,266,172","1,315,818","1,624,908","945,444","670,626",,,,,,,,,,,,,,,,,,,
Greenbelt Park,"2,865","6,158","3,400","7,389","15,787","10,112","4,475",0,0,"5,962","2,926","1,726",,,,,,,,,,,,,,,,,,,
Guadalupe Mountains NP,"13,329","14,698","36,310","26,643","18,145","10,855","11,908","9,606","14,204","23,078","20,482","20,729",,,,,,,,,,,,,,,,,,,
Guilford Courthouse NMP,"21,559","29,323","35,006","35,281","32,171","31,594","39,325","35,099","34,877","38,082","38,326","18,414",,,,,,,,,,,,,,,,,,,
Gulf Islands NS,"355,107","358,148","504,219","443,882","574,158","660,420","621,633","507,303","477,261","420,595","354,381","408,048",,,,,,,,,,,,,,,,,,,
Hagerman Fossil Beds NM,88,160,423,"1,304","2,941","5,254","5,327","4,204","2,841","1,910",465,205,,,,,,,,,,,,,,,,,,,
Haleakala NP,"71,681","68,985","83,897","89,299","93,713","97,394","104,084","106,137","95,674","96,761","82,116","97,875",,,,,,,,,,,,,,,,,,,
Hamilton Grange NMEM,"1,140","1,290","1,737","3,043","3,167","4,999","6,828","6,513","3,632","5,088","4,469","3,292",,,,,,,,,,,,,,,,,,,
Hampton NHS,209,289,412,955,"1,075","1,937","1,727","1,276",872,"1,175",807,"1,772",,,,,,,,,,,,,,,,,,,
Harpers Ferry NHP,"3,584","12,690","21,053","46,421","46,497","40,477","66,147","36,484","29,921","52,263","40,848","10,623",,,,,,,,,,,,,,,,,,,
Harry S Truman NHS,275,276,865,"1,801","2,637","2,719","2,714","2,741","2,618","2,689","1,361",775,,,,,,,,,,,,,,,,,,,
Hawaii Volcanoes NP,"131,878","124,763","125,348","117,463","126,309","140,532","157,966","147,497","118,565","121,585","133,092","135,963",,,,,,,,,,,,,,,,,,,
Herbert Hoover NHS,"7,853","2,694","4,555","6,424","10,913","13,446","14,363","14,222","9,451","9,915","5,730","4,238",,,,,,,,,,,,,,,,,,,
Home of Franklin D. Roosevelt NHS,"2,698","2,506","4,702","7,688","9,700","11,771","10,320","12,974","10,362","15,381","7,280","5,283",,,,,,,,,,,,,,,,,,,
Homestead NHP,"1,731","1,662","3,287","3,179","6,450","7,465","5,800","3,863","5,001","4,827","2,496","1,853",,,,,,,,,,,,,,,,,,,
Hopewell Culture NHP,949,836,"2,504","3,989","6,237","6,820","8,185","6,437","4,861","6,539","2,939","1,554",,,,,,,,,,,,,,,,,,,
Hopewell Furnace NHS,"1,178","1,760","1,804","5,992","6,107","4,041","9,565","8,370","6,367","5,371","3,124","3,559",,,,,,,,,,,,,,,,,,,
Horseshoe Bend NMP,"4,278","3,791","6,518","5,934","7,408","7,501","6,628","6,294","5,864","5,565","4,756","3,236",,,,,,,,,,,,,,,,,,,
Hot Springs NP,"152,015","240,294","286,198","290,655","219,394","314,623","224,339","121,300","112,049","231,618","251,837","201,811",,,,,,,,,,,,,,,,,,,
Hovenweep NM,488,522,"1,652","3,589","4,058","3,241","2,669","2,016","4,681","3,578","1,238",714,,,,,,,,,,,,,,,,,,,
Hubbell Trading Post NHS,"2,312","4,306","3,795","3,541","4,561","4,652","4,680","4,256","5,765","4,785","3,538","3,826",,,,,,,,,,,,,,,,,,,
Independence NHP,"59,309","64,750","142,038","237,661","282,222","319,658","388,775","321,757","252,723","240,676","195,184","183,549",,,,,,,,,,,,,,,,,,,
Indiana Dunes NP,"71,633","74,372","127,431","141,437","234,403","438,727","575,495","470,160","271,515","232,067","108,278","88,662",,,,,,,,,,,,,,,,,,,
James A. Garfield NHS,477,"1,364","1,363","2,115","3,382","3,334","7,012","4,227","3,191","3,552","1,029","1,127",,,,,,,,,,,,,,,,,,,
Jean Lafitte NHP & PRES,"17,305","22,948","31,660","29,001","23,732","28,750","24,918","19,685","16,168","20,390","18,235","16,956",,,,,,,,,,,,,,,,,,,
Jewel Cave NM,9,296,"2,195","1,800","8,584","26,352","32,814","25,735","17,487","2,793",878,400,,,,,,,,,,,,,,,,,,,
Jimmy Carter NHP,"1,174","2,278","4,475","3,746","3,599","2,198","2,890","1,466","4,514","3,570","3,254","2,144",,,,,,,,,,,,,,,,,,,
"John D. Rockefeller, Jr. MEM PKWY","2,397","2,529","2,249","2,476","88,319","167,590","270,929","249,972","209,525","88,749","2,922","3,539",,,,,,,,,,,,,,,,,,,
John Day Fossil Beds NM,"3,706","5,008","11,944","14,398","22,548","24,474","21,691","20,450","19,483","15,572","4,267","1,660",,,,,,,,,,,,,,,,,,,
John Muir NHS,"3,923","3,923","3,749","3,578","3,368","2,906","3,249","2,594","2,220","3,083","3,826","2,459",,,,,,,,,,,,,,,,,,,
Johnstown Flood NMEM,987,"2,616","2,794","10,243","24,495","13,407","22,922","20,375","14,007","18,771","12,002","5,523",,,,,,,,,,,,,,,,,,,
Joshua Tree NP,"277,128","302,834","431,849","358,701","228,627","159,177","149,070","135,137","150,533","222,629","316,911","325,698",,,,,,,,,,,,,,,,,,,
Kalaupapa NHP,258,246,"3,396","3,786","3,232","3,604","4,367","4,711","3,404","3,344","4,011","4,412",,,,,,,,,,,,,,,,,,,
Kaloko Honokohau NHP,"24,855","25,872","25,867","24,931","24,621","25,318","23,324","24,567","20,517","20,227","24,429","26,814",,,,,,,,,,,,,,,,,,,
Katahdin Woods and Waters NM,"3,678","10,766","7,012",539,"1,210","2,135","3,560","4,548","3,726","3,810","2,220",27,,,,,,,,,,,,,,,,,,,
Katmai NP & PRES,20,0,20,20,144,"5,089","12,600","9,991","5,734",250,20,20,,,,,,,,,,,,,,,,,,,
Kenai Fjords NP,22,43,78,429,"31,503","101,386","116,723","92,850","40,343","6,496",6,64,,,,,,,,,,,,,,,,,,,
Kennesaw Mountain NBP,"76,953","94,438","115,286","115,172","123,567","126,530","120,316","120,796","137,302","125,659","88,103","77,881",,,,,,,,,,,,,,,,,,,
Keweenaw NHP,96,129,165,245,460,"1,984","4,258","3,862","2,507","1,052",298,199,,,,,,,,,,,,,,,,,,,
Kings Canyon NP,"21,971","14,419","19,744","36,642","79,247","94,402","120,676","89,257","81,801","53,287","18,222","11,318",,,,,,,,,,,,,,,,,,,
Kings Mountain NMP,"9,428","14,918","21,514","25,340","27,596","26,582","34,576","12,066","16,753","18,414","16,786","14,683",,,,,,,,,,,,,,,,,,,
Klondike Gold Rush NHP Alaska,199,38,17,547,"49,573","80,961","75,274","82,639","50,273","3,379",9,0,,,,,,,,,,,,,,,,,,,
Klondike Gold Rush NHP Seattle,"2,223","2,272","2,618","3,827","5,090","7,144","10,230","9,132","6,368","4,765","3,188","3,566",,,,,,,,,,,,,,,,,,,
Knife River Indian Villages NHS,30,42,83,242,"1,362","1,510","2,293","1,632","1,360",540,85,38,,,,,,,,,,,,,,,,,,,
Kobuk Valley NP,"1,098",695,819,880,925,"1,552","1,915","2,041","1,650","2,049","1,596","1,705",,,,,,,,,,,,,,,,,,,
Korean War Veterans Memorial,"107,655","139,866","369,431","551,995","486,934","423,430","428,211","334,043","318,797","383,215","279,555","186,877",,,,,,,,,,,,,,,,,,,
Lake Chelan NRA,"1,079","1,148","1,538","2,382","3,684","5,118","5,854","6,025","5,866","3,097","1,420",996,,,,,,,,,,,,,,,,,,,
Lake Mead NRA,"345,077","331,560","452,734","505,452","565,450","653,473","595,177","529,591","531,104","469,811","323,244","275,553",,,,,,,,,,,,,,,,,,,
Lake Meredith NRA,"34,695","58,317","102,711","146,859","186,815","223,593","198,283","110,161","103,216","60,338","17,688","34,041",,,,,,,,,,,,,,,,,,,
Lake Roosevelt NRA,"38,870","53,205","65,326","92,383","66,934","155,914","251,010","207,235","91,801","56,218","31,443","18,386",,,,,,,,,,,,,,,,,,,
Lassen Volcanic NP,"9,894","8,184","7,764","13,539","21,836","70,558","110,025","94,788","53,204","41,193","9,063","6,243",,,,,,,,,,,,,,,,,,,
Lava Beds NM,"2,463","5,712","8,526","7,973","13,324","18,676","22,104","19,101","13,462","10,109","6,156","3,363",,,,,,,,,,,,,,,,,,,
LBJ Memorial Grove on the Potomac,"16,200","7,425","16,200","16,200","19,575","24,975","27,000","23,625","22,275","27,675","24,975","16,200",,,,,,,,,,,,,,,,,,,
Lewis & Clark NHP,"13,335","12,336","18,965","20,629","25,098","33,939","40,580","39,065","28,918","24,268","13,707","9,084",,,,,,,,,,,,,,,,,,,
Lincoln Boyhood NMEM,"1,248","1,418","2,330","4,651","7,243","23,648","41,882","3,834","10,819","2,670","4,374","1,702",,,,,,,,,,,,,,,,,,,
Lincoln Home NHS,"2,171","3,053","12,463","16,537","19,522","20,051","19,603","14,853","11,970","14,080","7,222","3,619",,,,,,,,,,,,,,,,,,,
Lincoln Memorial,"277,557","326,603","681,653","977,227","804,779","708,096","900,960","747,061","637,888","687,520","593,397","482,656",,,,,,,,,,,,,,,,,,,
Little Bighorn Battlefield NM,805,919,"4,559","5,117","18,899","41,590","46,081","29,621","12,008","7,274","1,246",314,,,,,,,,,,,,,,,,,,,
Little River Canyon NPRES,"38,894","44,197","70,226","67,702","87,644","63,572","78,575","54,912","53,967","80,091","51,172","35,287",,,,,,,,,,,,,,,,,,,
Little Rock Central High School NHS,"4,046","3,700","12,110","8,354","6,657","9,340","9,762","6,418","10,201","7,137","7,862","6,521",,,,,,,,,,,,,,,,,,,
Longfellow House Washington's HQ NHS,"1,864","1,763","3,351","5,303","8,050","7,055","6,680","5,972","6,266","8,156","3,521","2,577",,,,,,,,,,,,,,,,,,,
Lowell NHP,988,"1,382","3,483","7,473","6,741","11,525","135,316","14,935","7,359","9,802","6,626","3,654",,,,,,,,,,,,,,,,,,,
Lyndon B. Johnson NHP,"5,342","5,897","11,609","11,728","10,352","6,256","7,722","3,957","7,210","9,314","5,642","2,357",,,,,,,,,,,,,,,,,,,
Maggie L. Walker NHS,153,331,365,508,314,595,776,460,319,366,398,230,,,,,,,,,,,,,,,,,,,
Mammoth Cave NP,"15,564","21,387","58,904","71,387","64,440","87,578","99,118","66,598","67,712","62,095","29,340","19,024",,,,,,,,,,,,,,,,,,,
Manassas NBP,"20,664","30,284","44,929","62,338","47,390","55,238","44,682","52,219","47,683","56,895","41,274","29,131",,,,,,,,,,,,,,,,,,,
Manhattan Project NHP,436,737,"1,634","2,131","2,004","3,274","2,845","2,539","3,429","4,120","2,901","1,215",,,,,,,,,,,,,,,,,,,
Manzanar NHS,"6,700","6,785","9,208","10,780","14,353","14,482","13,401","10,249","9,316","10,632","5,950","4,987",,,,,,,,,,,,,,,,,,,
Marsh-Billings-Rockefeller NHP,"1,242","2,187","1,687","2,082","3,266","6,546","9,671","9,889","8,923","13,832","3,000","1,631",,,,,,,,,,,,,,,,,,,
"Martin Luther King, Jr. Memorial","98,411","123,488","579,413","412,469","346,880","339,264","362,752","235,893","226,197","265,941","214,112","117,077",,,,,,,,,,,,,,,,,,,
"Martin Luther King, Jr. NHP","11,250",0,"4,506","36,344","36,644","51,401","7,648","32,694","21,982","14,928","15,855","9,537",,,,,,,,,,,,,,,,,,,
Martin Van Buren NHS,335,425,325,342,525,"1,277","2,199","1,977","1,625","2,252",200,220,,,,,,,,,,,,,,,,,,,
Medgar and Myrlie Evers Home NM,29,"1,446","1,800","1,409",753,"3,500",365,210,530,366,640,183,,,,,,,,,,,,,,,,,,,
Mesa Verde NP,"7,852","6,787","18,916","30,910","55,705","88,958","85,449","69,176","63,074","49,242","14,980","8,741",,,,,,,,,,,,,,,,,,,
Minidoka NHS,150,230,850,449,"1,064","3,019","3,145","2,528","1,572",323,341,46,,,,,,,,,,,,,,,,,,,
Minute Man NHP,"39,089","27,284","56,277","106,650","94,679","103,930","102,688","97,265","92,746","130,209","59,838","49,688",,,,,,,,,,,,,,,,,,,
Minuteman Missile NHS,520,659,"2,998","3,961","10,596","22,002","24,594","15,369","15,627","7,214","1,680",556,,,,,,,,,,,,,,,,,,,
Mississippi NRRA,"15,640","18,290","24,073","22,040","22,831","36,909","39,366","35,327","23,434","24,591","20,523","20,858",,,,,,,,,,,,,,,,,,,
Missouri NRR,"5,061","5,147","6,010","8,621","12,249","15,870","16,900","16,878","16,617","13,581","9,864","6,364",,,,,,,,,,,,,,,,,,,
Mojave NPRES,"53,146","65,976","82,090","80,839","78,142","64,027","73,584","1,620","31,080","69,355","85,121","88,483",,,,,,,,,,,,,,,,,,,
Monocacy NB,"6,355","3,369","11,500","13,142","13,571","14,449","13,666","13,182","10,127","12,203","8,622","6,925",,,,,,,,,,,,,,,,,,,
Montezuma Castle NM,"24,410","33,087","42,389","47,164","34,821","24,040","21,756","18,036","25,839","37,141","30,807","24,524",,,,,,,,,,,,,,,,,,,
Moores Creek NB,"2,778","6,210","3,659","5,176","4,595","4,920","5,224","4,434","4,030","4,448","4,241","3,966",,,,,,,,,,,,,,,,,,,
Morristown NHP,"20,074","13,383","25,973","27,929","27,438","30,854","26,282","17,316","9,393","16,908","19,553","10,128",,,,,,,,,,,,,,,,,,,
Mount Rainier NP,"23,623","20,785","19,466","20,282","62,286","183,253","392,691","415,544","295,701","152,168","21,823","14,773",,,,,,,,,,,,,,,,,,,
Mount Rushmore NMEM,"23,916","27,276","58,363","60,937","188,382","498,412","614,630","444,039","336,787","130,608","34,916","22,183",,,,,,,,,,,,,,,,,,,
Muir Woods NM,"42,094","42,198","62,246","71,138","70,069","82,408","107,922","89,194","68,495","66,677","52,392","43,792",,,,,,,,,,,,,,,,,,,
Natchez NHP,"3,028","2,429","6,134","6,082","4,845","4,654","5,110","5,755","4,043","10,454","5,483","6,674",,,,,,,,,,,,,,,,,,,
Natchez Trace PKWY,"574,486","534,645","586,183","599,239","555,142","584,864","510,932","539,168","579,633","534,620","476,475","468,146",,,,,,,,,,,,,,,,,,,
National Capital Parks Central,"17,025","24,459","69,419","101,518","97,793","112,944","131,786","109,978","93,321","78,259","51,447","32,694",,,,,,,,,,,,,,,,,,,
National Capital Parks East,"57,304","57,333","74,664","116,085","127,491","128,764","152,838","154,162","147,065","120,591","71,787","59,789",,,,,,,,,,,,,,,,,,,
National Park of American Samoa,102,238,60,0,0,142,149,59,106,238,438,355,,,,,,,,,,,,,,,,,,,
Natural Bridges NM,"1,056","1,547","5,927","11,868","12,595","6,665","4,680","4,334","8,906","9,558","2,999","1,114",,,,,,,,,,,,,,,,,,,
Navajo NM,"1,198","1,289","2,731","4,319","5,129","4,672","4,872","4,537","4,405","4,559","2,227","1,180",,,,,,,,,,,,,,,,,,,
New Bedford Whaling NHP,91,206,414,666,802,"1,504","3,333","2,113","1,063","1,563",864,951,,,,,,,,,,,,,,,,,,,
New Orleans Jazz NHP,"3,355","3,773","4,025","3,940","4,156","3,630","2,355","1,642","1,490","2,610","2,683","3,751",,,,,,,,,,,,,,,,,,,
New River Gorge NP & PRES,"31,656","39,219","69,767","117,824","174,882","203,538","273,494","215,254","180,086","168,930","79,143","39,730",,,,,,,,,,,,,,,,,,,
Nez Perce NHP,"20,223","19,170","22,088","26,343","26,534","37,306","37,325","35,407","33,535","35,154","29,725","21,707",,,,,,,,,,,,,,,,,,,
Nicodemus NHS,73,303,145,695,416,575,"1,778",336,395,330,137,124,,,,,,,,,,,,,,,,,,,
Ninety Six NHS,"5,944","8,458","10,576","12,340","10,873","8,422","9,007","8,240","8,893","12,512","8,302","4,515",,,,,,,,,,,,,,,,,,,
Niobrara NSR,801,429,"1,383","1,554","4,304","11,681","27,448","21,648","7,912","1,922",598,391,,,,,,,,,,,,,,,,,,,
Noatak NPRES,898,895,819,880,"1,124","1,551","1,939","1,990","1,650","1,848","2,695","2,104",,,,,,,,,,,,,,,,,,,
North Cascades NP,11,4,52,66,993,"1,324","5,493","10,832","8,745","2,590",44,0,,,,,,,,,,,,,,,,,,,
Obed W&SR,"18,096","16,264","24,802","26,696","31,986","30,849","28,389","32,955","22,939","24,990","22,496","26,040",,,,,,,,,,,,,,,,,,,
Ocmulgee Mounds NHP,"7,394","10,977","14,609","15,255","12,597","13,728","14,069","11,114","20,414","10,685","14,092","10,308",,,,,,,,,,,,,,,,,,,
Olympic NP,"65,553","76,509","112,250","92,420","133,313","224,731","432,022","634,516","322,881","151,732","107,847","79,198",,,,,,,,,,,,,,,,,,,
Oregon Caves NM & PRES,702,567,900,"2,900","7,400","12,350","12,870","13,130","12,360","9,339",346,59,,,,,,,,,,,,,,,,,,,
Organ Pipe Cactus NM,"27,828","15,573","13,472","7,276","5,602","4,299","3,172","7,296","8,708","11,727","12,178","16,186",,,,,,,,,,,,,,,,,,,
Ozark NSR,"18,054","20,148","50,180","64,531","97,196","196,206","291,784","234,465","152,518","75,355","62,160","28,708",,,,,,,,,,,,,,,,,,,
Padre Island NS,"28,793","22,718","50,385","43,128","62,700","60,949","87,529","46,103","40,627","43,426","21,881","23,385",,,,,,,,,,,,,,,,,,,
Palo Alto Battlefield NHP,"11,441","14,864","22,623","19,530","16,991","17,337","10,611","9,578","16,391","11,010","24,207","21,669",,,,,,,,,,,,,,,,,,,
Paterson Great Falls NHP,"8,986","8,525","12,433","18,011","16,556","29,332","48,220","28,569","43,775","15,047","10,352","8,487",,,,,,,,,,,,,,,,,,,
Pea Ridge NMP,"3,024","4,595","10,872","5,048","8,586","9,464","8,680","9,049","7,061","7,091","5,300","3,222",,,,,,,,,,,,,,,,,,,
Pearl Harbor NMEM,"93,242","97,903","135,340","138,232","126,331","156,267","162,353","143,847","117,214","120,482","115,934","138,437",,,,,,,,,,,,,,,,,,,
Pecos NHP,"2,027","2,362","5,290","5,683","3,286","4,065","5,501","4,271","4,678","5,812","3,944","2,764",,,,,,,,,,,,,,,,,,,
Perry's Victory & Intl. Peace MEM,880,941,"1,336","1,483","9,227","18,638","19,322","18,420","14,816","3,286","1,505","1,134",,,,,,,,,,,,,,,,,,,
Petersburg NB,"7,502","9,143","12,862","17,871","18,580","17,701","21,851","18,670","19,825","10,529","13,476","12,897",,,,,,,,,,,,,,,,,,,
Petrified Forest NP,"26,566","24,899","45,044","47,081","62,478","60,812","54,185","41,193","36,416","51,738","28,002","26,795",,,,,,,,,,,,,,,,,,,
Petroglyph NM,"30,362","26,439","37,789","34,341","29,876","23,976","23,269","19,152","23,320","42,226","25,232","23,412",,,,,,,,,,,,,,,,,,,
Pictured Rocks NL,"8,954","20,890","18,748","11,652","55,256","134,938","218,186","236,198","145,638","58,518","8,869","7,838",,,,,,,,,,,,,,,,,,,
Pinnacles NP,"27,724","30,673","34,712","23,642","27,948","22,256","19,551","19,330","13,898","17,184","21,697","16,408",,,,,,,,,,,,,,,,,,,
Pipe Spring NM,639,"1,066","1,971","2,785","2,586","2,882","2,047","2,070","2,524","2,786","1,040",605,,,,,,,,,,,,,,,,,,,
Pipestone NM,150,345,975,"3,870","10,552","13,292","15,972","12,222","10,280","8,080","1,600",698,,,,,,,,,,,,,,,,,,,
Piscataway Park,"8,692","11,948","23,535","20,266","22,000","24,762","29,706","24,579","21,206","19,617","19,606","17,295",,,,,,,,,,,,,,,,,,,
Point Reyes NS,"164,080","159,311","172,580","193,344","198,176","236,826","272,551","219,313","175,463","191,221","183,236","170,101",,,,,,,,,,,,,,,,,,,
Port Chicago Naval Magazine NMEM,137,54,0,0,0,212,385,43,62,171,12,53,,,,,,,,,,,,,,,,,,,
President W.J. Clinton Birthplace Home NHS,264,273,960,537,524,598,783,475,455,500,416,293,,,,,,,,,,,,,,,,,,,
President's Park,"5,822","7,470","29,365","107,865","37,260","44,030","49,805","45,737","27,177","75,121","48,772","235,800",,,,,,,,,,,,,,,,,,,
Prince William Forest Park,"10,784","17,218","22,903","21,880","33,972","27,386","31,487","27,543","30,665","38,036","20,227","12,815",,,,,,,,,,,,,,,,,,,
Pu'uhonua o Honaunau NHP,"30,531","31,140","36,423","26,338","7,302","18,742","18,362","30,603","27,620","28,107","29,488","26,785",,,,,,,,,,,,,,,,,,,
Pu'ukohola Heiau NHS,"2,626","3,019","3,142","3,258","3,121","2,681","2,713","2,581","2,365","1,904","2,225","1,967",,,,,,,,,,,,,,,,,,,
Rainbow Bridge NM,1,14,10,0,2,4,5,18,15,5,6,1,,,,,,,,,,,,,,,,,,,
Reconstruction Era NHP,647,"1,226","2,522","2,260","2,016","1,481","1,403","1,197","1,047","1,541","1,554","1,368",,,,,,,,,,,,,,,,,,,
Redwood NP,"20,630","20,202","27,390","34,053","44,887","59,736","68,544","60,003","49,954","38,004","19,904","15,093",,,,,,,,,,,,,,,,,,,
Richmond NBP,"11,889","10,601","14,901","14,462","12,681","16,307","14,589","14,596","14,649","18,358","15,328","14,763",,,,,,,,,,,,,,,,,,,
Rio Grande W&SR,14,40,114,12,0,10,0,0,0,7,32,34,,,,,,,,,,,,,,,,,,,
River Raisin NBP,"14,134","12,430","19,977","17,746","38,409","21,100","24,639","22,472","18,440","22,338","14,396","15,917",,,,,,,,,,,,,,,,,,,
Rock Creek Park,"127,318","115,931","129,059","151,837","191,332","223,580","296,866","218,174","177,547","165,072","125,689","103,751",,,,,,,,,,,,,,,,,,,
Rocky Mountain NP,"130,331","101,109","145,752","153,666","286,464","627,860","811,861","665,531","650,863","474,957","131,655","120,375",,,,,,,,,,,,,,,,,,,
Roger Williams NMEM,592,777,"1,388","2,157","2,588","4,517","5,828","4,405","3,528","4,243","2,413","1,402",,,,,,,,,,,,,,,,,,,
Rosie The Riveter WWII Home Front NHP,"1,711","2,112","2,892","3,320","3,607","3,345","3,608","3,487","2,702","3,263","4,384","2,928",,,,,,,,,,,,,,,,,,,
Ross Lake NRA,"3,610","8,812","8,350","12,096","95,810","139,865","209,074","225,194","159,447","113,593","15,914","6,254",,,,,,,,,,,,,,,,,,,
Russell Cave NM,815,"1,017","1,693","1,686","1,764","1,753","2,105","1,318","1,703","1,817",915,402,,,,,,,,,,,,,,,,,,,
Sagamore Hill NHS,"5,074","6,472","5,860","8,761","9,208","9,810","11,411","9,037","7,707","6,582","5,560","6,253",,,,,,,,,,,,,,,,,,,
Saguaro NP,"100,022","114,193","132,467","109,500","65,538","37,836","37,458","38,698","37,091","63,252","86,306","85,833",,,,,,,,,,,,,,,,,,,
Saint Croix NSR,356,356,356,"15,781","112,233","180,459","187,067","157,280","120,933","58,291",410,251,,,,,,,,,,,,,,,,,,,
Saint Paul's Church NHS,215,230,230,350,"1,320",930,775,465,615,"2,040",855,765,,,,,,,,,,,,,,,,,,,
Saint-Gaudens NHP,260,370,425,800,"1,001","3,352","5,465","5,030","3,521","4,409",530,350,,,,,,,,,,,,,,,,,,,
Salem Maritime NHS,"1,646","3,292","7,016","12,980","22,401","23,352","35,544","30,922","39,338","197,120","14,264","4,961",,,,,,,,,,,,,,,,,,,
Salinas Pueblo Missions NM,"2,187","1,967","2,827","3,465","3,741","3,405","3,759","2,956","3,453","4,107","2,952","2,371",,,,,,,,,,,,,,,,,,,
Salt River Bay NHP & Ecological Pres,992,882,"1,328","2,030","1,143",985,985,"1,014",473,489,707,"1,127",,,,,,,,,,,,,,,,,,,
San Antonio Missions NHP,"84,410","76,865","123,037","133,658","104,859","125,580","130,004","93,008","124,912","99,321","68,910","74,356",,,,,,,,,,,,,,,,,,,
San Francisco Maritime NHP,"204,660","204,838","256,107","258,099","257,244","256,638","357,849","255,654","259,674","309,107","207,570","207,310",,,,,,,,,,,,,,,,,,,
San Juan Island NHP,"18,100","23,885","30,917","36,366","73,603","77,346","115,178","127,712","118,102","33,029","17,319","28,768",,,,,,,,,,,,,,,,,,,
San Juan NHS,"54,655","80,147","110,615","94,304","89,034","96,790","109,369","97,976","40,152","57,364","73,304","123,554",,,,,,,,,,,,,,,,,,,
Sand Creek Massacre NHS,128,198,288,441,640,644,496,415,487,644,245,146,,,,,,,,,,,,,,,,,,,
Santa Monica Mountains NRA,"73,078","71,688","76,134","72,916","82,842","55,298","61,599","70,109","48,830","64,965","60,648","57,110",,,,,,,,,,,,,,,,,,,
Saratoga NHP,376,620,"1,622","3,088","4,105","10,588","18,024","12,330","8,112","6,605","3,410","1,862",,,,,,,,,,,,,,,,,,,
Saugus Iron Works NHS,651,444,573,"1,946","3,212","2,624","3,696","4,032","4,566","4,362",641,731,,,,,,,,,,,,,,,,,,,
Scotts Bluff NM,"3,503","5,057","10,179","11,080","21,367","27,738","28,878","23,489","21,023","13,553","5,953","2,831",,,,,,,,,,,,,,,,,,,
Sequoia NP,"32,564","39,182","58,365","86,412","121,934","135,869","188,020","170,284","127,041","96,663","55,800","41,064",,,,,,,,,,,,,,,,,,,
Shenandoah NP,"13,592","34,383","56,623","115,883","135,836","165,442","184,485","164,375","145,704","298,672","114,473","19,832",,,,,,,,,,,,,,,,,,,
Shiloh NMP,"24,791","33,417","26,449","50,123","43,693","32,435","36,315","29,457","29,004","35,964","25,074","20,483",,,,,,,,,,,,,,,,,,,
Sitka NHP,732,"1,062","1,494","3,722","26,080","35,677","18,690","23,012","18,417","2,519","1,680","1,366",,,,,,,,,,,,,,,,,,,
Sleeping Bear Dunes NL,"16,143","15,160","14,199","28,594","86,621","246,995","448,340","362,635","147,031","100,952","21,563","12,884",,,,,,,,,,,,,,,,,,,
Springfield Armory NHS,476,654,762,"1,172","1,166","1,705","2,193","1,761","1,542","1,478",850,727,,,,,,,,,,,,,,,,,,,
Statue of Liberty NM,"80,969","90,457","179,111","285,545","272,073","354,779","448,722","393,087","271,727","289,416","218,110","257,217",,,,,,,,,,,,,,,,,,,
Steamtown NHS,"1,109","2,309","2,245","4,395","5,688","9,087","12,964","10,061","8,621","6,591","3,130","5,032",,,,,,,,,,,,,,,,,,,
Stones River NB,"18,983","26,111","35,616","42,378","48,850","47,517","42,930","41,710","28,633","47,113","15,959","21,991",,,,,,,,,,,,,,,,,,,
Sunset Crater Volcano NM,"3,332","3,916","12,254","8,336",0,0,0,"2,303","7,032","8,556","4,784","4,274",,,,,,,,,,,,,,,,,,,
Tallgrass Prairie NPRES,867,736,"1,953","1,615","3,466","2,947","2,621","2,285","3,136","3,070","1,573",526,,,,,,,,,,,,,,,,,,,
Theodore Roosevelt Birthplace NHS,100,100,100,100,200,288,250,708,887,"1,389","2,328","1,498",,,,,,,,,,,,,,,,,,,
Theodore Roosevelt Inaugural NHS,396,595,753,"1,069","1,451","2,569","2,670","2,277","2,023","2,800","2,418",707,,,,,,,,,,,,,,,,,,,
Theodore Roosevelt Island,"12,500","9,000","10,500","15,000","10,000","12,000","14,000","17,500","20,000","20,750","17,750","12,500",,,,,,,,,,,,,,,,,,,
Theodore Roosevelt NP,"2,449","2,568","6,645","7,366","66,678","124,089","150,994","137,454","114,280","50,215","4,614","1,327",,,,,,,,,,,,,,,,,,,
Thomas Edison NHP,212,0,"1,272","3,545","2,761","6,590","4,658","4,520","2,801","2,404","2,341","1,991",,,,,,,,,,,,,,,,,,,
Thomas Jefferson MEM,"68,378","112,155","550,190","411,108","298,232","315,088","330,208","200,409","182,141","220,756","177,060","109,423",,,,,,,,,,,,,,,,,,,
Thomas Stone NHS,185,185,173,579,427,529,533,497,602,413,453,245,,,,,,,,,,,,,,,,,,,
Timpanogos Cave NM,634,751,"2,741","3,942","16,934","29,859","33,059","25,514","22,067","18,853","1,295",346,,,,,,,,,,,,,,,,,,,
Timucuan EHP,"74,260","75,136","95,177","92,158","96,230","112,138","135,732","91,107","80,000","90,054","81,632","78,599",,,,,,,,,,,,,,,,,,,
Tonto NM,"3,411","4,444","6,043","3,623","2,021","1,194","1,163",986,"1,235","2,294","2,593","2,497",,,,,,,,,,,,,,,,,,,
Tule Springs Fossil Beds NM,"7,391","6,741","5,163","3,145","2,839",950,682,"1,991","2,925","4,788","5,133","5,926",,,,,,,,,,,,,,,,,,,
Tumacacori NHP,"3,954","5,158","6,177","4,457","2,324","1,098","1,201","1,068","1,371","2,169","2,701","7,108",,,,,,,,,,,,,,,,,,,
Tuskegee Airmen NHS,495,888,"1,531","1,559","1,366","1,547","1,974","1,176","1,587","1,296","1,559","1,159",,,,,,,,,,,,,,,,,,,
Tuskegee Institute NHS,402,755,905,969,990,"1,100","1,500",760,506,690,850,342,,,,,,,,,,,,,,,,,,,
Tuzigoot NM,"8,189","11,074","16,834","14,473","11,203","7,018","6,384","5,292","8,090","11,073","9,616","7,393",,,,,,,,,,,,,,,,,,,
Ulysses S. Grant NHS,803,925,"2,721","3,166","3,138","3,928","4,479","3,434","3,478","3,026","1,847","1,409",,,,,,,,,,,,,,,,,,,
Upper Delaware S&RR,"5,153","4,549","3,983","8,999","24,264","37,506","66,786","58,469","40,464","10,578","5,847","4,120",,,,,,,,,,,,,,,,,,,
Valles Caldera NPRES,"2,910","3,125","3,535","5,002","3,561","5,614","8,040","8,464","10,330","8,203","2,495","2,459",,,,,,,,,,,,,,,,,,,
Valley Forge NHP,"37,836","75,564","98,447","154,272","155,278","199,404","211,862","167,498","160,919","176,533","126,027","81,658",,,,,,,,,,,,,,,,,,,
Vanderbilt Mansion NHS,"11,626","9,414","22,034","32,203","41,758","37,690","31,551","34,864","32,581","36,758","21,577","13,956",,,,,,,,,,,,,,,,,,,
Vicksburg NMP,"23,845","31,480","38,282","32,482","48,312","55,600","40,682","31,738","29,014","36,812","20,240","22,000",,,,,,,,,,,,,,,,,,,
Vietnam Veterans MEM,"122,003","157,761","442,087","683,338","647,423","539,107","481,489","388,091","358,935","485,222","373,898","206,900",,,,,,,,,,,,,,,,,,,
Virgin Islands NP,"26,276","22,392","28,469","17,080","10,223","9,503","8,692","9,968","8,607","11,808","19,012","24,722",,,,,,,,,,,,,,,,,,,
Voyageurs NP,"4,464","5,264","3,268",172,"28,130","44,629","48,662","48,500","24,541","10,801","2,473",530,,,,,,,,,,,,,,,,,,,
Waco Mammoth NM,"4,212","2,130","12,719","8,907","8,050","8,215","10,651","6,220","6,898","7,937","5,937","6,364",,,,,,,,,,,,,,,,,,,
Walnut Canyon NM,"6,808","18,974","20,851","21,206","13,597","13,597","13,942","10,764","11,881","15,800","25,378","6,598",,,,,,,,,,,,,,,,,,,
War in the Pacific NHP,"27,670","30,431","34,485","32,867","35,587","34,186","32,148","31,630","30,232","28,346","31,374","31,622",,,,,,,,,,,,,,,,,,,
Washington Monument,"11,897","11,778","19,418","18,363","29,594","29,110","29,232","29,257","28,218","20,552","19,450","13,448",,,,,,,,,,,,,,,,,,,
Washita Battlefield NHS,"1,046",256,830,"1,306","1,267","1,238","1,611","1,261","1,039","1,524",792,488,,,,,,,,,,,,,,,,,,,
Weir Farm NHP,"1,020","1,105","1,311","2,087","4,622","5,162","4,889","3,984","4,581","6,546","1,530","1,140",,,,,,,,,,,,,,,,,,,
Whiskeytown NRA,"41,382","53,692","165,791","204,866","206,162","173,566","236,078","145,260","110,372","99,678","28,603","39,684",,,,,,,,,,,,,,,,,,,
White House,0,0,0,"67,595","9,580","5,167","24,557","14,975","12,679","51,530","7,374","42,923",,,,,,,,,,,,,,,,,,,
White Sands NP,"45,083","44,186","99,649","75,417","64,329","56,802","62,853","46,338","50,331","57,639","49,712","52,788",,,,,,,,,,,,,,,,,,,
Whitman Mission NHS,"1,986","2,952","5,183","4,977","7,195","6,329","4,820","4,813","4,932","5,008","2,293","1,512",,,,,,,,,,,,,,,,,,,
William Howard Taft NHS,574,962,"2,196","2,288","2,740","3,470","4,687","2,609","2,446","2,869","1,608","1,291",,,,,,,,,,,,,,,,,,,
Wilson's Creek NB,"14,660","14,469","25,077","15,756","24,437","27,901","24,562","43,290","39,390","18,092","17,640","17,640",,,,,,,,,,,,,,,,,,,
Wind Cave NP,"12,433","11,958","20,156","35,600","69,382","95,359","120,638","101,890","83,314","31,722","13,956","11,010",,,,,,,,,,,,,,,,,,,
Wolf Trap NP for the Performing Arts,"7,098","5,568","6,172","7,674","16,605","100,006","96,280","116,771","66,424","7,486","6,314","9,099",,,,,,,,,,,,,,,,,,,
Women's Rights NHP,175,335,690,"1,190","1,876","4,608","8,537","6,137","4,098","3,983","1,358","1,307",,,,,,,,,,,,,,,,,,,
World War I Memorial,"25,824","43,829","80,207","119,508","69,314","113,675","73,889","39,900","73,416","66,809","84,179","58,084",,,,,,,,,,,,,,,,,,,
World War II Memorial,"136,395","181,611","391,947","527,147","580,608","531,275","523,520","432,555","421,067","438,624","380,469","270,091",,,,,,,,,,,,,,,,,,,
Wrangell-St. Elias NP & PRES,25,95,230,520,"4,909","16,590","20,054","16,829","5,359",530,60,35,,,,,,,,,,,,,,,,,,,
Wright Brothers NMEM,"6,627","9,845","25,958","50,571","45,770","61,352","66,629","64,399","41,459","33,068","19,306","12,407",,,,,,,,,,,,,,,,,,,
Wupatki NM,"7,573","8,509","26,971","17,672","12,387","20,857","22,142","21,129","23,900","16,522","9,786","7,000",,,,,,,,,,,,,,,,,,,
Yellowstone NP,"46,615","47,300","35,593","80,283","523,680","525,363","596,562","582,211","567,587","236,567","17,687","30,794",,,,,,,,,,,,,,,,,,,
Yosemite NP,"137,057","170,196","192,634","285,601","380,905","470,045","396,833","518,407","424,374","381,612","178,786","131,100",,,,,,,,,,,,,,,,,,,
Yukon-Charley Rivers NPRES,2,0,0,0,9,267,286,165,15,0,0,0,,,,,,,,,,,,,,,,,,,
Zion NP,"139,827","168,499","446,308","491,625","539,172","569,975","548,636","437,134","423,654","459,697","291,044","176,846",,,,,,,,,,,,,,,,,,,
